train_loss_step,epoch,step,valid_loss_step,valid_loss_epoch,train_loss_epoch
116.05573643980091,0,49,,,
123.63452369458432,0,99,,,
124.69528073977912,0,149,,,
127.47081803713743,0,199,,,
100.64077410328305,0,249,,,
111.25319558125608,0,299,,,
103.60474876668916,0,349,,,
140.1470030215411,0,399,,,
119.15056780111635,0,449,,,
,,0,96.33161530064781,,
,,1,118.05967350472157,,
,,2,113.13008433304756,,
,,3,106.5611432042035,,
,,4,90.07627630599487,,
,,5,113.75320856689402,,
,,6,116.8502348893744,,
,,7,160.73245031797984,,
,,8,214.4256778426179,,
,,9,153.2635770772667,,
,,10,107.54525378737758,,
,,11,164.4233026734712,,
,,12,98.81439766119017,,
,,13,147.74394705587582,,
,,14,127.32148277417261,,
,,15,122.17323393166977,,
,,16,142.63590912718416,,
,,17,109.40290370033615,,
,,18,137.53487113887857,,
,,19,110.42292291034241,,
,,20,99.3724284163867,,
,,21,114.4588712597721,,
,,22,117.4377805893601,,
,,23,117.85270375348833,,
,,24,99.80408034612896,,
,,25,115.63607596374646,,
,,26,115.77322181407669,,
,,27,99.42100366499427,,
,,28,111.72721811965586,,
,,29,95.01322511390947,,
,,30,100.80726274771618,,
,,31,107.46509992219347,,
,,32,104.14680438516753,,
,,33,138.02113941288135,,
,,34,97.43687875361942,,
,,35,137.033949929508,,
,,36,121.82869406205695,,
,,37,114.32050143980277,,
,,38,108.42954307538837,,
,,39,130.08017271239117,,
,,40,112.36268772477342,,
,,41,89.75644391232399,,
,,42,83.71648174451877,,
,,43,109.77029633231335,,
,,44,117.17241149918945,,
,,45,135.5343459250895,,
,,46,132.01998167731531,,
,,47,107.64159762097431,,
,,48,125.99824229248637,,
,,49,94.425086847241,,
,,50,96.89823420172861,,
,,51,134.46013711066536,,
,,52,89.1193828439433,,
,,53,106.33267947858955,,
,,54,112.09544229706717,,
,,55,136.23710771750837,,
,,56,107.67349079716331,,
,,57,119.4796421456424,,
,,58,85.2173771192553,,
,,59,140.74639270764214,,
,,60,110.28766167279825,,
,,61,97.40599913994828,,
,,62,92.80070968756363,,
,,63,114.94005403157496,,
,,64,121.26237939713783,,
,,65,95.98417541312739,,
,,66,113.8783778375898,,
,,67,121.73097265133813,,
,,68,121.22431889970875,,
,,69,122.02188781437982,,
,,70,142.48729423109796,,
,,71,96.87085517677994,,
,,72,140.20297843603947,,
,,73,101.73740819333891,,
,,74,97.87058716812787,,
,,75,93.65910001081664,,
,,76,140.39680376820195,,
,,77,124.42544536214433,,
,,78,124.17929631683828,,
,,79,98.3433270669469,,
,,80,119.90972138905028,,
,,81,102.03602032931029,,
,,82,116.20564352522037,,
,,83,146.71665411242458,,
,,84,95.83599064433935,,
,,85,127.29719121484936,,
,,86,115.08730716747382,,
,,87,93.9464260398673,,
,,88,100.81513981372083,,
,,89,109.71344580593029,,
,,90,108.72900149889267,,
,,91,104.979907417502,,
,,92,107.52908197230556,,
,,93,101.20718279174564,,
,,94,134.15894031451748,,
,,95,143.78124653204645,,
,,96,122.37450706893526,,
,,97,106.79647418945936,,
,,98,97.44128530376554,,
,,99,130.27516276240027,,
,,100,146.23301891414576,,
,,101,110.58160040721056,,
,,102,116.98440482287052,,
,,103,107.20595039308631,,
,,104,115.74371751012495,,
,,105,130.43377951652306,,
,,106,93.44205346228406,,
,,107,119.98725037469671,,
,,108,93.61423675894716,,
,,109,103.80968723727733,,
,,110,140.09122460530506,,
,,111,105.90717720643475,,
,,112,112.69890409962869,,
,,113,152.0955892387507,,
,,114,119.1935081666377,,
,,115,132.9450918996233,,
,,116,102.72787403719465,,
,,117,122.93370202168612,,
,,118,156.4497384605254,,
,,119,142.42965116056902,,
,,120,100.32729777457463,,
,,121,105.17724649618438,,
,0,485,,116.62084564425052,
,0,485,,,120.39209066867873
101.64989101097491,1,499,,,
104.12916838525727,1,549,,,
113.71323055893117,1,599,,,
126.05894816631462,1,649,,,
134.0605242706356,1,699,,,
155.1544985132285,1,749,,,
108.68803754666342,1,799,,,
137.34255071194153,1,849,,,
107.57956307392584,1,899,,,
119.73384678576917,1,949,,,
,,122,92.19317622146276,,
,,123,128.161083431305,,
,,124,112.19335085022337,,
,,125,108.51296895527811,,
,,126,88.96858804300678,,
,,127,105.09051987680084,,
,,128,122.83423315554207,,
,,129,172.3099306896595,,
,,130,236.5489607611282,,
,,131,159.9024130094599,,
,,132,112.84837787389233,,
,,133,176.75866051302677,,
,,134,101.57391260982055,,
,,135,151.0585586320879,,
,,136,139.58019922804402,,
,,137,129.0329420418711,,
,,138,146.44243336395598,,
,,139,113.92253839708808,,
,,140,155.7532960003777,,
,,141,119.64946649780917,,
,,142,106.26732113146053,,
,,143,120.66187190215044,,
,,144,121.61719620548969,,
,,145,122.37701970106394,,
,,146,105.23724405694651,,
,,147,115.16205832556761,,
,,148,116.79431670938682,,
,,149,105.12037277941148,,
,,150,112.96482312829038,,
,,151,91.20018448127246,,
,,152,109.60609429409101,,
,,153,118.36082406435088,,
,,154,103.14417900831688,,
,,155,142.22092598686498,,
,,156,100.69007221348005,,
,,157,132.31408403741875,,
,,158,129.83847423119568,,
,,159,115.60939944018872,,
,,160,113.08397520838135,,
,,161,132.5789150330634,,
,,162,108.9617656001401,,
,,163,95.84232459223537,,
,,164,83.60093708732475,,
,,165,121.39072925952217,,
,,166,112.81726296306203,,
,,167,137.59670131887862,,
,,168,141.4861869002894,,
,,169,109.85320672129956,,
,,170,121.21070937722658,,
,,171,100.42340532815874,,
,,172,103.23868704179885,,
,,173,144.30452738724892,,
,,174,89.59688541369796,,
,,175,111.4418998504465,,
,,176,115.20976651307163,,
,,177,136.28551263656237,,
,,178,110.00147963321584,,
,,179,119.77825709247804,,
,,180,86.98664448129968,,
,,181,147.85164777604433,,
,,182,112.43382612156711,,
,,183,99.49924358919762,,
,,184,102.73184312913075,,
,,185,122.2269353111322,,
,,186,123.09340583250466,,
,,187,101.32866121779283,,
,,188,109.31364819229766,,
,,189,123.48712714819237,,
,,190,121.9761655911292,,
,,191,119.29335967168645,,
,,192,151.0389534544196,,
,,193,98.8447798005767,,
,,194,144.47140124965497,,
,,195,104.06450951629239,,
,,196,100.8745950069624,,
,,197,94.65801031318264,,
,,198,154.4137981804098,,
,,199,123.12181661824097,,
,,200,129.90155993008523,,
,,201,91.18507342016768,,
,,202,129.1796273061372,,
,,203,99.63363667688182,,
,,204,108.12329572531107,,
,,205,151.77923718891327,,
,,206,96.01271789207115,,
,,207,137.0885912037561,,
,,208,121.92504736396837,,
,,209,92.69722023615121,,
,,210,104.87880225731892,,
,,211,109.42916705048285,,
,,212,110.95048196025753,,
,,213,105.23939961222943,,
,,214,105.40617596423095,,
,,215,101.76542055741616,,
,,216,144.87103496862778,,
,,217,142.9623156186826,,
,,218,138.0658690684271,,
,,219,116.57391538130429,,
,,220,101.49115784954293,,
,,221,139.5750270085405,,
,,222,147.46025835658617,,
,,223,118.61111195789461,,
,,224,119.74808236605637,,
,,225,108.99581299006213,,
,,226,124.91412345935744,,
,,227,129.16163677549,,
,,228,103.98749598794491,,
,,229,116.06382695057829,,
,,230,92.12537454176895,,
,,231,98.30691214020125,,
,,232,152.31308428799866,,
,,233,109.46500583445302,,
,,234,117.80691392050701,,
,,235,154.61791528844554,,
,,236,122.21152427370961,,
,,237,146.11813901353617,,
,,238,96.5251006473726,,
,,239,123.53435069889767,,
,,240,157.34845770942027,,
,,241,151.05229319410034,,
,,242,101.17448045772352,,
,,243,104.46162857900293,,
,1,971,,120.29782213962025,
,1,971,,,119.67616153073223
121.41049064432268,2,999,,,
143.83266335062885,2,1049,,,
134.90451695688213,2,1099,,,
120.60619464370677,2,1149,,,
108.39450712176294,2,1199,,,
104.77253076545021,2,1249,,,
112.6061168784612,2,1299,,,
101.42925059380536,2,1349,,,
98.37704902804528,2,1399,,,
113.0466320599472,2,1449,,,
,,244,101.02473766453868,,
,,245,115.16520775760725,,
,,246,117.09461489299491,,
,,247,110.80942628477709,,
,,248,94.06040898271183,,
,,249,117.13949708166726,,
,,250,114.6478488558732,,
,,251,155.72438416932533,,
,,252,200.66430669533293,,
,,253,153.62486125324966,,
,,254,110.55901307740217,,
,,255,167.43820939613437,,
,,256,98.57410230532906,,
,,257,146.07123302668387,,
,,258,124.714264922696,,
,,259,125.10625969673804,,
,,260,145.45799429449565,,
,,261,112.44231483617536,,
,,262,131.4410729591908,,
,,263,107.17017754859626,,
,,264,102.91098620621094,,
,,265,112.80178150785216,,
,,266,119.70605023193751,,
,,267,121.50271648435906,,
,,268,98.23021827914138,,
,,269,123.43002870970292,,
,,270,116.15034745570304,,
,,271,99.40199166541929,,
,,272,116.57228000489162,,
,,273,102.6676768622525,,
,,274,100.32951245332318,,
,,275,107.15420426279786,,
,,276,110.16700207020516,,
,,277,134.20273382485212,,
,,278,97.50390245727695,,
,,279,140.95458090918478,,
,,280,120.30066333527,,
,,281,116.00936957321899,,
,,282,110.63731400096725,,
,,283,132.8371188007239,,
,,284,115.27261071930886,,
,,285,87.37676725904618,,
,,286,87.83989148672563,,
,,287,109.96217691853752,,
,,288,125.2083415994244,,
,,289,136.20994407572059,,
,,290,133.03513665967782,,
,,291,110.70343397200637,,
,,292,126.92200015978531,,
,,293,91.15899104279794,,
,,294,97.79637997783377,,
,,295,138.23814581432788,,
,,296,92.94250304083639,,
,,297,108.21337634321743,,
,,298,116.36172720141907,,
,,299,133.54097863559954,,
,,300,109.39556348537,,
,,301,124.7328301235503,,
,,302,86.41312312032258,,
,,303,140.59615525466086,,
,,304,110.47944336575114,,
,,305,99.80917048692723,,
,,306,93.04379792923902,,
,,307,118.31570325844088,,
,,308,127.01747473389713,,
,,309,96.00525793296755,,
,,310,116.7470081686406,,
,,311,128.34840297260573,,
,,312,124.42544498390212,,
,,313,126.94270200491925,,
,,314,142.5762868323342,,
,,315,95.05602845862582,,
,,316,136.29330257284653,,
,,317,107.9297362762944,,
,,318,98.37663924922151,,
,,319,97.38715206229043,,
,,320,136.89009077087047,,
,,321,124.17051938822928,,
,,322,122.21110216163221,,
,,323,106.11218672241898,,
,,324,119.60067983159361,,
,,325,110.58348984402889,,
,,326,124.63931367540016,,
,,327,144.88919159964917,,
,,328,96.5277921124202,,
,,329,123.08777226867488,,
,,330,112.00185273774497,,
,,331,99.60603645961977,,
,,332,98.01573277169193,,
,,333,116.06736530673587,,
,,334,111.47347092371123,,
,,335,107.39281188275218,,
,,336,109.741452403165,,
,,337,102.66965450247729,,
,,338,134.8795095379666,,
,,339,143.97308989094978,,
,,340,115.8775350539908,,
,,341,105.28297995263156,,
,,342,100.5168856052221,,
,,343,131.21741656604442,,
,,344,149.01930748048835,,
,,345,109.27665042477005,,
,,346,116.41831970739781,,
,,347,111.28014654988482,,
,,348,116.41807840632413,,
,,349,135.10131015150773,,
,,350,91.54508849974587,,
,,351,123.43702001824032,,
,,352,95.48352990799026,,
,,353,110.89333949347193,,
,,354,130.75119953340746,,
,,355,104.71246885349899,,
,,356,110.40719898236779,,
,,357,152.48490332485608,,
,,358,119.84447791411836,,
,,359,130.7273491168198,,
,,360,107.4788110697507,,
,,361,122.0128127906688,,
,,362,157.36257906664903,,
,,363,140.3131713076642,,
,,364,103.21247301874902,,
,,365,112.0697200919244,,
,2,1457,,117.81881942091259,
,2,1457,,,119.54404397863618
142.71136628058412,3,1499,,,
150.67205326234972,3,1549,,,
117.39719372029194,3,1599,,,
138.8487900883689,3,1649,,,
111.17159066062106,3,1699,,,
122.40088234977985,3,1749,,,
109.81356759976818,3,1799,,,
141.89530302448634,3,1849,,,
102.10526934472493,3,1899,,,
,,366,94.48271688305235,,
,,367,118.58749646778655,,
,,368,113.90613197632197,,
,,369,107.17737455451025,,
,,370,88.32972789509,,
,,371,113.0277875657831,,
,,372,114.70254369051418,,
,,373,158.1476351262388,,
,,374,212.1998361869957,,
,,375,153.80159024065375,,
,,376,106.62805084505852,,
,,377,166.45277920297767,,
,,378,100.13408315664162,,
,,379,144.6913507744669,,
,,380,127.64139210673852,,
,,381,123.2678149002049,,
,,382,143.67766328706657,,
,,383,107.4334894271897,,
,,384,139.10477347117015,,
,,385,106.0052225325451,,
,,386,101.72556545628952,,
,,387,113.20117286216436,,
,,388,117.2360570433837,,
,,389,120.36805936964666,,
,,390,100.71458217297051,,
,,391,114.7027485922321,,
,,392,111.89994511228052,,
,,393,99.05313415904968,,
,,394,112.15341324049653,,
,,395,97.80622021427759,,
,,396,100.44857943456586,,
,,397,106.94354190292482,,
,,398,104.60297158779166,,
,,399,135.96266077308334,,
,,400,94.64158706645297,,
,,401,137.76179872101784,,
,,402,121.05497145038353,,
,,403,112.77606272803112,,
,,404,108.49364992598711,,
,,405,128.8853538058835,,
,,406,112.74161510071957,,
,,407,89.58915018709746,,
,,408,81.82482131775942,,
,,409,113.83980844766953,,
,,410,116.26860713696324,,
,,411,132.4249068791964,,
,,412,131.26264951092867,,
,,413,108.09691843744068,,
,,414,120.80247391656587,,
,,415,93.07904731644126,,
,,416,96.7054124350986,,
,,417,134.67293242562135,,
,,418,87.46054222500229,,
,,419,103.36237674652742,,
,,420,114.16084813853001,,
,,421,133.74109474565125,,
,,422,108.27462136348348,,
,,423,116.99665461407544,,
,,424,85.7833796764532,,
,,425,140.27050882125604,,
,,426,109.49123842322402,,
,,427,100.63343481767902,,
,,428,97.99647007837612,,
,,429,116.36733630187206,,
,,430,120.60318953260031,,
,,431,97.54794186918627,,
,,432,111.41113137565048,,
,,433,122.5484639907049,,
,,434,118.86245889200526,,
,,435,122.00669663198477,,
,,436,141.25790379409588,,
,,437,95.22820915503915,,
,,438,135.91891221923376,,
,,439,104.20869533287782,,
,,440,95.38114364110781,,
,,441,95.56619457411979,,
,,442,141.21842043076606,,
,,443,123.57867399840401,,
,,444,125.71230873182897,,
,,445,100.18306137773315,,
,,446,120.54576608077147,,
,,447,99.07949017681797,,
,,448,112.13816731823371,,
,,449,143.4181422221507,,
,,450,97.26032057390823,,
,,451,128.07274506234316,,
,,452,112.23569227389265,,
,,453,93.88518376585294,,
,,454,98.65479363812969,,
,,455,111.91674454638868,,
,,456,109.58244828276237,,
,,457,105.06222095067156,,
,,458,106.96280990572205,,
,,459,99.45283600741189,,
,,460,134.91690721203923,,
,,461,140.88739546849015,,
,,462,125.23077779665684,,
,,463,106.92115246280339,,
,,464,99.4310849460928,,
,,465,135.00093573828443,,
,,466,144.69167966469055,,
,,467,110.25827605584988,,
,,468,111.39066898335699,,
,,469,110.85419873849756,,
,,470,114.5722341839171,,
,,471,131.66481748088415,,
,,472,93.39229666144797,,
,,473,119.9180227733419,,
,,474,95.1993759226005,,
,,475,100.14890227807771,,
,,476,137.83026921804225,,
,,477,107.23352480951637,,
,,478,113.69493028821876,,
,,479,151.03262826056084,,
,,480,118.75131985699083,,
,,481,131.3532320757099,,
,,482,101.09302962983281,,
,,483,120.29908524105193,,
,,484,153.0834564152659,,
,,485,143.67306242872348,,
,,486,98.17110712452512,,
,,487,103.38098581129285,,
,3,1943,,116.19888769627913,
,3,1943,,,118.85784655142045
125.9491858472623,4,1949,,,
138.71889172210666,4,1999,,,
113.92196011405268,4,2049,,,
113.07876792112909,4,2099,,,
95.90301040054314,4,2149,,,
138.0546493387115,4,2199,,,
96.36629989513563,4,2249,,,
104.40758301349555,4,2299,,,
90.19200555568135,4,2349,,,
104.81004157644377,4,2399,,,
,,488,92.81101141479536,,
,,489,121.03734104003225,,
,,490,108.35944732232227,,
,,491,106.18576190731201,,
,,492,85.75803497413277,,
,,493,107.58054700658508,,
,,494,120.31229788353639,,
,,495,162.12756507435336,,
,,496,220.9963460521615,,
,,497,156.9265597204595,,
,,498,111.25299087493687,,
,,499,177.38660492862536,,
,,500,96.34554118207716,,
,,501,144.18993873160784,,
,,502,130.9147716951613,,
,,503,125.61666700885878,,
,,504,142.4785925337879,,
,,505,105.61176974142018,,
,,506,141.4715673963726,,
,,507,108.54984776238226,,
,,508,105.68882446961885,,
,,509,119.70750515898247,,
,,510,116.87514126422715,,
,,511,118.00802276303156,,
,,512,94.60116079271853,,
,,513,113.58633287668715,,
,,514,110.34352208421285,,
,,515,99.95014712072259,,
,,516,108.85887473057747,,
,,517,90.23611374770842,,
,,518,103.77466879956557,,
,,519,109.02290260258025,,
,,520,99.54650678481664,,
,,521,135.1399721832929,,
,,522,98.31480027313104,,
,,523,132.62326989357004,,
,,524,122.1053557313354,,
,,525,113.09890784076836,,
,,526,108.93570996136827,,
,,527,130.128221305959,,
,,528,109.4038849131373,,
,,529,87.23664234152545,,
,,530,78.95464578583339,,
,,531,111.27898594298122,,
,,532,116.02596040292687,,
,,533,137.44793907316028,,
,,534,137.54001980724348,,
,,535,110.10073625252785,,
,,536,121.53764436078612,,
,,537,92.91493798790049,,
,,538,95.37751218899763,,
,,539,137.10031674835372,,
,,540,84.91479628070155,,
,,541,105.61157510960939,,
,,542,110.42341016756487,,
,,543,131.43240948645433,,
,,544,105.38180929330821,,
,,545,117.27295511928608,,
,,546,87.20860060938821,,
,,547,142.00798267065522,,
,,548,109.04609387379543,,
,,549,95.58893272388319,,
,,550,100.35695806205186,,
,,551,121.80158662328174,,
,,552,125.27665678108862,,
,,553,95.66489203007686,,
,,554,109.41899140572045,,
,,555,123.23869467407208,,
,,556,118.80404909793407,,
,,557,116.56613160597999,,
,,558,148.48441720401382,,
,,559,92.59649662086316,,
,,560,136.65358009058886,,
,,561,102.51659681560344,,
,,562,94.60146540040897,,
,,563,94.81398956223094,,
,,564,139.38517967774172,,
,,565,124.09107735749143,,
,,566,124.17945037792452,,
,,567,96.03630709108889,,
,,568,121.2427895153871,,
,,569,102.34809127317034,,
,,570,113.90869073690972,,
,,571,149.3058031969618,,
,,572,94.33669432645846,,
,,573,129.778041009788,,
,,574,115.11540332767105,,
,,575,92.72152659499862,,
,,576,100.0844904315791,,
,,577,112.49341912237031,,
,,578,109.6646522866817,,
,,579,100.9895003364462,,
,,580,107.29253240346912,,
,,581,101.26074432727845,,
,,582,140.11574846825658,,
,,583,140.5257903615896,,
,,584,125.43983904720342,,
,,585,109.13993724746973,,
,,586,100.13361032278455,,
,,587,138.42829973554683,,
,,588,149.13103036237243,,
,,589,112.04596662867903,,
,,590,112.04591540327051,,
,,591,107.27842973954128,,
,,592,119.63381150615663,,
,,593,128.67247647901965,,
,,594,94.89195564985152,,
,,595,115.13409733447722,,
,,596,91.0585433989865,,
,,597,99.38403157978226,,
,,598,139.27090926613607,,
,,599,103.25125819591179,,
,,600,108.25975195423601,,
,,601,152.8404746580006,,
,,602,118.45393070426302,,
,,603,138.9932448098366,,
,,604,96.64699905108118,,
,,605,118.26540326637465,,
,,606,157.52270126056524,,
,,607,146.61427158980987,,
,,608,95.7390113320763,,
,,609,101.22510912957745,,
,4,2429,,116.42418358581357,
,4,2429,,,119.00038615345468
93.75759640286253,5,2449,,,
116.6492829232808,5,2499,,,
78.97597171811731,5,2549,,,
114.5807914698731,5,2599,,,
134.697521400946,5,2649,,,
122.39800730906296,5,2699,,,
95.32935494784671,5,2749,,,
114.63685557686819,5,2799,,,
114.63768548666523,5,2849,,,
115.26867836951091,5,2899,,,
,,610,92.70482970438921,,
,,611,119.38052293935554,,
,,612,114.36174369476116,,
,,613,106.49262657127646,,
,,614,88.67543608936549,,
,,615,110.7231970688758,,
,,616,115.13825278849217,,
,,617,156.78982037480756,,
,,618,211.57989388146075,,
,,619,155.5382490447278,,
,,620,106.93891490979289,,
,,621,168.28637043324926,,
,,622,97.87660487319403,,
,,623,142.86436538585968,,
,,624,126.89448691663294,,
,,625,123.19469659730866,,
,,626,143.66748652695273,,
,,627,109.26077579270066,,
,,628,142.43974404380617,,
,,629,105.67441114708731,,
,,630,103.09700106636669,,
,,631,112.74064081244549,,
,,632,116.82106230623742,,
,,633,122.45013696018643,,
,,634,101.25485529621825,,
,,635,113.55355164351803,,
,,636,112.50437026772636,,
,,637,101.23939635104227,,
,,638,109.558690536288,,
,,639,98.22951962892309,,
,,640,99.13369243942617,,
,,641,108.63143523943528,,
,,642,104.73186835595332,,
,,643,134.48955280188403,,
,,644,96.36770673821482,,
,,645,136.29090329539855,,
,,646,122.04044103946264,,
,,647,110.69221656983838,,
,,648,107.03746711355019,,
,,649,128.29635134747542,,
,,650,111.45308664635317,,
,,651,87.43644111098166,,
,,652,84.0957981888658,,
,,653,114.5928831380268,,
,,654,117.16015704236165,,
,,655,132.1878862202016,,
,,656,131.6603492404566,,
,,657,106.01047802869374,,
,,658,116.2402868494305,,
,,659,92.02765943956037,,
,,660,98.46411021036877,,
,,661,136.78642415898747,,
,,662,88.18447622733436,,
,,663,103.03097283636069,,
,,664,115.29337466878663,,
,,665,131.28689781741164,,
,,666,107.86278421004832,,
,,667,119.87167796230904,,
,,668,85.02715693384707,,
,,669,141.36596456835304,,
,,670,107.83859052704,,
,,671,99.7314735419092,,
,,672,97.7887098758001,,
,,673,117.79152010510393,,
,,674,120.06081518364071,,
,,675,94.7401271878979,,
,,676,108.71369744607281,,
,,677,123.7575707037453,,
,,678,117.13008260534384,,
,,679,124.88596452438469,,
,,680,140.28773362765577,,
,,681,95.15983058517895,,
,,682,133.33188993163859,,
,,683,103.70160615937944,,
,,684,94.190367237375,,
,,685,95.65470450272466,,
,,686,140.64438464805707,,
,,687,121.58395198732615,,
,,688,123.41443659859034,,
,,689,99.19773712041106,,
,,690,120.44961469634774,,
,,691,98.6731244819838,,
,,692,108.82484953682274,,
,,693,143.01012913843655,,
,,694,95.49226344888118,,
,,695,130.02322164203386,,
,,696,110.52333598925057,,
,,697,93.69858821211733,,
,,698,99.04488269306067,,
,,699,109.40395676578414,,
,,700,111.47967223520835,,
,,701,106.37797148046371,,
,,702,106.62817693499548,,
,,703,101.15774999701188,,
,,704,138.89513269556303,,
,,705,141.7137551799636,,
,,706,124.64038055655114,,
,,707,109.24908663314051,,
,,708,100.84206299500748,,
,,709,134.34102882132166,,
,,710,143.29797128827315,,
,,711,108.88208935498778,,
,,712,110.91722411229965,,
,,713,109.41752457085703,,
,,714,116.37741177134134,,
,,715,131.65014668512592,,
,,716,94.82964267684483,,
,,717,121.30302960997633,,
,,718,94.85722645878597,,
,,719,103.05818349658222,,
,,720,135.35356527966076,,
,,721,106.55795611914249,,
,,722,109.77576623815611,,
,,723,151.17074568371618,,
,,724,118.91810714074893,,
,,725,129.74477641358433,,
,,726,100.2335012277452,,
,,727,117.53494276973186,,
,,728,151.73956754664542,,
,,729,140.6841871749671,,
,,730,96.62373260807414,,
,,731,104.7741628573789,,
,5,2915,,115.94727943885876,
,5,2915,,,118.14443924342686
112.00256841418408,6,2949,,,
108.24894872358054,6,2999,,,
102.1608839306828,6,3049,,,
107.7307688060917,6,3099,,,
122.8688448097316,6,3149,,,
111.32343316538473,6,3199,,,
89.24151702332671,6,3249,,,
103.37049842702794,6,3299,,,
127.11697246635883,6,3349,,,
101.27051975099235,6,3399,,,
,,732,94.18806357432496,,
,,733,118.05059400095283,,
,,734,114.0700657588623,,
,,735,107.7370127526317,,
,,736,89.41019321228039,,
,,737,116.0641646156355,,
,,738,117.47504350931969,,
,,739,158.93838496586162,,
,,740,216.28226239108855,,
,,741,157.74614712360494,,
,,742,105.03204753266303,,
,,743,173.90281355516933,,
,,744,96.59244244657754,,
,,745,146.34962010826348,,
,,746,125.33775798805218,,
,,747,120.24843555038,,
,,748,148.0443450676999,,
,,749,106.46424621871631,,
,,750,133.5368291789258,,
,,751,104.37486677909838,,
,,752,107.17310682601445,,
,,753,117.62227854421005,,
,,754,118.4025436980373,,
,,755,120.05589124502049,,
,,756,95.24353317272782,,
,,757,117.91756400109257,,
,,758,112.77898080499996,,
,,759,100.57636089919491,,
,,760,109.90414453608719,,
,,761,92.93991896487671,,
,,762,97.7381954420039,,
,,763,102.44736287460987,,
,,764,105.6146979373258,,
,,765,133.993085667156,,
,,766,97.4422435921854,,
,,767,136.09918720348588,,
,,768,123.83508484863262,,
,,769,113.80549015128236,,
,,770,103.69009668108357,,
,,771,135.27496076619988,,
,,772,114.59209310536019,,
,,773,84.95032951025604,,
,,774,78.2295681517014,,
,,775,111.16937636302552,,
,,776,124.99564481289838,,
,,777,140.617299844427,,
,,778,130.5677237886626,,
,,779,112.14594020744389,,
,,780,128.24604970473465,,
,,781,89.52084019493533,,
,,782,92.1458980239746,,
,,783,133.70344511982168,,
,,784,85.33666019269972,,
,,785,100.13620270397254,,
,,786,111.84118622832898,,
,,787,135.80951240422087,,
,,788,105.82941597078843,,
,,789,117.83481216823859,,
,,790,85.72511988677874,,
,,791,142.99556162442497,,
,,792,113.1182475948759,,
,,793,95.58436971036213,,
,,794,98.0624425429922,,
,,795,121.3501102302894,,
,,796,126.81366462054544,,
,,797,94.51825640680153,,
,,798,114.03026338304673,,
,,799,124.89413133798294,,
,,800,119.39843928994604,,
,,801,123.44658054956588,,
,,802,140.97939843752155,,
,,803,91.10832879136659,,
,,804,136.67830714807997,,
,,805,103.93332218193406,,
,,806,92.94381224736117,,
,,807,95.04614500333898,,
,,808,133.7400695847834,,
,,809,128.4907018128081,,
,,810,123.77750999592482,,
,,811,100.36545247573852,,
,,812,117.19473068706124,,
,,813,105.12140349782273,,
,,814,116.86516217568125,,
,,815,148.77103265618194,,
,,816,94.54474475556488,,
,,817,127.73722228539395,,
,,818,112.0863102774835,,
,,819,94.40707791317773,,
,,820,99.97138453756945,,
,,821,116.36390178119332,,
,,822,110.00523489717503,,
,,823,102.58681844010721,,
,,824,109.15651183262156,,
,,825,104.50418343358993,,
,,826,140.13648132047496,,
,,827,139.80535832584704,,
,,828,117.13480211354893,,
,,829,105.40575543423925,,
,,830,96.60327434431511,,
,,831,137.80562477074608,,
,,832,147.5487263280434,,
,,833,110.18412299214695,,
,,834,111.45993490301761,,
,,835,106.25752030484603,,
,,836,117.3435192183219,,
,,837,134.4277105232791,,
,,838,91.00272495207261,,
,,839,122.13542255203312,,
,,840,94.38876887140312,,
,,841,102.98460101350321,,
,,842,133.67352490963265,,
,,843,103.4310068833961,,
,,844,107.09474756038709,,
,,845,154.24264803319278,,
,,846,116.56441262813502,,
,,847,134.0689762880006,,
,,848,102.11782197383401,,
,,849,121.60141588489867,,
,,850,161.11830083042105,,
,,851,141.84637228929262,,
,,852,93.47512953658395,,
,,853,103.73918458898036,,
,6,3401,,116.48324025842415,
,6,3401,,,118.05072915460596
102.98341897638909,7,3449,,,
120.64367950684303,7,3499,,,
110.61353335579659,7,3549,,,
130.44065500722186,7,3599,,,
99.04601261403975,7,3649,,,
131.75428224634072,7,3699,,,
113.98125008855061,7,3749,,,
121.36585464912582,7,3799,,,
136.67423507453822,7,3849,,,
,,854,101.75633330203937,,
,,855,119.61348109494787,,
,,856,119.79360701100467,,
,,857,118.36192921137263,,
,,858,98.8005397613579,,
,,859,124.1067728100967,,
,,860,112.29457191899122,,
,,861,146.06286004543028,,
,,862,199.06855186198243,,
,,863,158.00764693521933,,
,,864,102.56813822293974,,
,,865,166.9379261432947,,
,,866,100.10043227915858,,
,,867,144.16164139798792,,
,,868,121.51326817766727,,
,,869,121.86715899964669,,
,,870,154.07407865321025,,
,,871,108.86019436413433,,
,,872,129.64103055732895,,
,,873,97.39815051828208,,
,,874,107.76455168554843,,
,,875,116.89325131299177,,
,,876,119.02145761870031,,
,,877,127.81054980256451,,
,,878,101.52961657496343,,
,,879,124.96495006144482,,
,,880,112.21364404796256,,
,,881,104.07804855096452,,
,,882,116.84091221869966,,
,,883,111.30050877672156,,
,,884,102.4730417986209,,
,,885,101.4127987929543,,
,,886,115.43660411453179,,
,,887,133.3656127143116,,
,,888,97.47159570541533,,
,,889,147.19100473231967,,
,,890,122.93024745403252,,
,,891,119.28686016946385,,
,,892,109.41469935306428,,
,,893,135.73453979409817,,
,,894,122.22114074068233,,
,,895,86.88444391688913,,
,,896,85.51756877378067,,
,,897,111.94668062915525,,
,,898,130.0504882278933,,
,,899,137.64171713622488,,
,,900,129.4745431171494,,
,,901,117.64666421290447,,
,,902,128.79577388506274,,
,,903,92.58720988635969,,
,,904,96.68556434640317,,
,,905,132.69930917947198,,
,,906,90.82003062513846,,
,,907,102.50913548321803,,
,,908,119.69207463888631,,
,,909,137.54915095002423,,
,,910,115.96179291092369,,
,,911,123.05762651084778,,
,,912,87.054343670566,,
,,913,143.44067573864976,,
,,914,114.58200147780695,,
,,915,104.56639211462613,,
,,916,102.81644204818687,,
,,917,128.02240541938113,,
,,918,128.21112482714574,,
,,919,102.4541450928374,,
,,920,120.02394604154607,,
,,921,126.7093518177577,,
,,922,121.99639132633473,,
,,923,132.29281634838483,,
,,924,135.0919367297533,,
,,925,98.20431811580507,,
,,926,137.4641451027133,,
,,927,111.71004782132397,,
,,928,97.68608628632526,,
,,929,103.2006920281735,,
,,930,131.99326832106343,,
,,931,133.955812683983,,
,,932,125.1832875865916,,
,,933,116.49597323422972,,
,,934,120.78829604841003,,
,,935,109.88851124311552,,
,,936,120.17406080977943,,
,,937,141.63701882007638,,
,,938,103.42538235906001,,
,,939,124.02102939324047,,
,,940,110.00719397650136,,
,,941,104.35281857455885,,
,,942,100.24313015990255,,
,,943,120.23313113204209,,
,,944,118.59427556732363,,
,,945,108.1137819428364,,
,,946,113.77215245371121,,
,,947,108.15651331646364,,
,,948,137.63904035666965,,
,,949,140.6684078210377,,
,,950,118.32556695365685,,
,,951,108.20869400236109,,
,,952,104.61277331147524,,
,,953,141.3808158538907,,
,,954,148.91046930560285,,
,,955,110.72024651087531,,
,,956,110.12876240346168,,
,,957,117.45402206809692,,
,,958,114.27720497514068,,
,,959,139.71383141769687,,
,,960,90.58525042992275,,
,,961,130.63651554789098,,
,,962,105.57518543309205,,
,,963,116.06607406198032,,
,,964,125.7463706781951,,
,,965,109.59973686857847,,
,,966,116.21058866658109,,
,,967,150.75026331389913,,
,,968,119.51736164778285,,
,,969,128.3383719684154,,
,,970,112.3355818518314,,
,,971,120.9083939308264,,
,,972,161.19441573210042,,
,,973,138.86443103456043,,
,,974,99.49818260416521,,
,,975,111.01709723727556,,
,7,3887,,119.45841495871032,
,7,3887,,,117.51761496589349
108.26526976787257,8,3899,,,
111.89009949290742,8,3949,,,
114.55361262450631,8,3999,,,
107.73749315536537,8,4049,,,
124.7647913957068,8,4099,,,
124.38058280062216,8,4149,,,
105.21137147845982,8,4199,,,
113.16948176173068,8,4249,,,
95.67461737508249,8,4299,,,
115.71096199999359,8,4349,,,
,,976,92.77686843442952,,
,,977,118.98138687011021,,
,,978,116.87366196073137,,
,,979,111.96166819554233,,
,,980,91.77806693834134,,
,,981,114.40562474300413,,
,,982,112.97948056042847,,
,,983,151.4120097706657,,
,,984,205.49357084598398,,
,,985,157.2438168639908,,
,,986,102.77429946859971,,
,,987,167.91837238692153,,
,,988,96.6051468102128,,
,,989,141.18113656868354,,
,,990,121.79459592286796,,
,,991,123.34179426598584,,
,,992,144.88184739802347,,
,,993,109.45733560635026,,
,,994,135.30986759340732,,
,,995,100.60369313594121,,
,,996,105.39239045849061,,
,,997,113.22646711955255,,
,,998,117.93420695671756,,
,,999,122.01693600294561,,
,,1000,98.71148996801696,,
,,1001,116.29307278744936,,
,,1002,109.78854759583089,,
,,1003,99.8021462185705,,
,,1004,111.10595605784883,,
,,1005,98.59604456419974,,
,,1006,104.1842955370951,,
,,1007,106.33625199273344,,
,,1008,103.99056241239283,,
,,1009,132.36007902177644,,
,,1010,96.01093260838132,,
,,1011,133.8122930755892,,
,,1012,121.1547868687631,,
,,1013,113.66728792169707,,
,,1014,108.86145237333365,,
,,1015,131.83825551026473,,
,,1016,113.40253773882611,,
,,1017,84.78422876709158,,
,,1018,81.19536123624613,,
,,1019,111.646919184271,,
,,1020,121.04254670836295,,
,,1021,133.17477195285267,,
,,1022,129.8621577195612,,
,,1023,109.67713843630992,,
,,1024,122.35589313072248,,
,,1025,89.97332002421443,,
,,1026,97.25514629533701,,
,,1027,135.68534263898877,,
,,1028,86.6587008984117,,
,,1029,101.09011348180573,,
,,1030,113.84864506230969,,
,,1031,128.63864240704012,,
,,1032,108.43250388558602,,
,,1033,119.86890211829318,,
,,1034,83.5911071281561,,
,,1035,140.14501443670613,,
,,1036,108.78032441566215,,
,,1037,97.24782502499917,,
,,1038,99.34779018888094,,
,,1039,120.81547626522205,,
,,1040,123.95723552535958,,
,,1041,97.33434049713112,,
,,1042,110.55531907843388,,
,,1043,121.61594366840136,,
,,1044,119.02211112333023,,
,,1045,124.60789223853368,,
,,1046,138.3022302744634,,
,,1047,95.56817431571187,,
,,1048,135.46263496920398,,
,,1049,103.77879222775888,,
,,1050,96.65500133265834,,
,,1051,97.88159756308461,,
,,1052,135.98616467882874,,
,,1053,123.71219162897279,,
,,1054,121.87641248309313,,
,,1055,103.29356382204733,,
,,1056,118.2757367585881,,
,,1057,101.68616666593896,,
,,1058,110.95042849110077,,
,,1059,142.2348376609038,,
,,1060,96.6484094437178,,
,,1061,126.86292236249764,,
,,1062,108.14694693910687,,
,,1063,95.73831616123921,,
,,1064,99.87176043700808,,
,,1065,113.17172036424479,,
,,1066,112.22971729203805,,
,,1067,101.72113007808184,,
,,1068,105.79717207939741,,
,,1069,102.2995600715023,,
,,1070,138.82688901497448,,
,,1071,139.2175666012943,,
,,1072,120.17951420537636,,
,,1073,108.90862497441452,,
,,1074,99.4485889467197,,
,,1075,133.60965733211714,,
,,1076,145.4646032019051,,
,,1077,111.01272072776791,,
,,1078,108.56201282421077,,
,,1079,112.30058547801062,,
,,1080,115.04808562069118,,
,,1081,131.7050241416505,,
,,1082,92.44437930326822,,
,,1083,120.4974860897398,,
,,1084,96.52329115679416,,
,,1085,104.47804127783306,,
,,1086,129.26510044488072,,
,,1087,102.82149425748922,,
,,1088,110.7751711804618,,
,,1089,149.2790652815632,,
,,1090,115.1564735321713,,
,,1091,126.92537895488215,,
,,1092,103.175019620483,,
,,1093,119.02627383525058,,
,,1094,151.55081595380767,,
,,1095,142.08033730508538,,
,,1096,93.03746196932215,,
,,1097,103.26085386842323,,
,8,4373,,115.7214544822243,
,8,4373,,,116.87774373652795
92.37891883916308,9,4399,,,
141.20738851492774,9,4449,,,
130.6364043849452,9,4499,,,
138.1378206329598,9,4549,,,
120.59247936527811,9,4599,,,
113.02353297189458,9,4649,,,
137.37594335602785,9,4699,,,
92.66353235768626,9,4749,,,
120.87603118885855,9,4799,,,
115.52590323457198,9,4849,,,
,,1098,90.60149515872746,,
,,1099,117.85553436957196,,
,,1100,114.64175768133128,,
,,1101,106.92101168037846,,
,,1102,89.73733915633703,,
,,1103,108.24245174834067,,
,,1104,113.72066732246142,,
,,1105,156.96524393228034,,
,,1106,208.33108145731256,,
,,1107,157.13135038547352,,
,,1108,107.64030142509459,,
,,1109,171.0708491211094,,
,,1110,99.09367587823562,,
,,1111,140.0669877586065,,
,,1112,125.76431424149611,,
,,1113,123.96401244893457,,
,,1114,142.09627208500385,,
,,1115,108.37410781464914,,
,,1116,145.76702802809666,,
,,1117,108.26159327256434,,
,,1118,106.69678271649587,,
,,1119,114.57498136089374,,
,,1120,118.17122865822796,,
,,1121,123.38390094561673,,
,,1122,100.04475813676515,,
,,1123,111.36185231947151,,
,,1124,109.40765187673661,,
,,1125,103.06453424807,,
,,1126,111.01220341071405,,
,,1127,96.74697436416884,,
,,1128,101.35483768838155,,
,,1129,109.71475828805102,,
,,1130,103.95725313420057,,
,,1131,130.91204392329826,,
,,1132,94.81902019287001,,
,,1133,130.8857028284639,,
,,1134,123.8380738259102,,
,,1135,109.6094824616574,,
,,1136,111.65954554551016,,
,,1137,125.27644298063699,,
,,1138,109.76711080154314,,
,,1139,82.99189705380414,,
,,1140,80.90561115373524,,
,,1141,115.08743917009589,,
,,1142,118.77985033240081,,
,,1143,132.6332544089508,,
,,1144,132.01697226612566,,
,,1145,108.36994223362193,,
,,1146,115.9216119695255,,
,,1147,94.53720023841959,,
,,1148,101.9545989608649,,
,,1149,140.28537923091145,,
,,1150,88.1578657058964,,
,,1151,103.90981712613075,,
,,1152,114.87024007261853,,
,,1153,128.31753141733992,,
,,1154,108.17771040935065,,
,,1155,122.61659489882638,,
,,1156,85.06994247165052,,
,,1157,141.29341899741655,,
,,1158,107.33978199966248,,
,,1159,98.65876248252769,,
,,1160,100.17483436169651,,
,,1161,123.05079108829273,,
,,1162,123.39178414384367,,
,,1163,97.4674470984402,,
,,1164,108.57092379336206,,
,,1165,121.87175074802275,,
,,1166,118.1360407579065,,
,,1167,122.71004738290804,,
,,1168,140.81277189808253,,
,,1169,95.77964788388803,,
,,1170,131.0736434607471,,
,,1171,103.7282600733076,,
,,1172,96.4121063383725,,
,,1173,98.09259712973692,,
,,1174,140.07007884252505,,
,,1175,121.645651151488,,
,,1176,121.08451282312319,,
,,1177,100.29750479267437,,
,,1178,120.77703654459899,,
,,1179,97.95823278113974,,
,,1180,108.83536671093665,,
,,1181,142.37780581251485,,
,,1182,97.8096617728821,,
,,1183,126.1887800921249,,
,,1184,109.49094220698177,,
,,1185,95.75972310112678,,
,,1186,100.99671976345829,,
,,1187,110.50374315931532,,
,,1188,113.17912905357073,,
,,1189,104.25870319770567,,
,,1190,104.20446542282507,,
,,1191,101.37900990767986,,
,,1192,139.59138972169973,,
,,1193,137.48343922924676,,
,,1194,122.26514012286171,,
,,1195,112.3366486633141,,
,,1196,101.75646715191465,,
,,1197,135.54816931882544,,
,,1198,147.50063907353396,,
,,1199,109.46094750375207,,
,,1200,108.31398100700503,,
,,1201,108.74986857071988,,
,,1202,117.6542453824251,,
,,1203,131.44246750100805,,
,,1204,97.14953019490358,,
,,1205,114.73051908852302,,
,,1206,97.56542904561717,,
,,1207,103.26407200132162,,
,,1208,132.7853261589961,,
,,1209,103.99384990589205,,
,,1210,112.00783017200479,,
,,1211,150.85726087686916,,
,,1212,115.6199874332485,,
,,1213,128.35925725720034,,
,,1214,99.6606436399724,,
,,1215,119.69885206105894,,
,,1216,150.76406705906422,,
,,1217,140.93582950589115,,
,,1218,94.85600893160125,,
,,1219,107.27851164993471,,
,9,4859,,115.9744040570277,
,9,4859,,,117.49016563059708
105.40901488327333,10,4899,,,
